ID,tic_id,r_s,e_r_s,r_p,a,P_days,inc,period,duration,vshape,median,mean,max_depth,oot_variability,snr
000000,148684414,5771740.732835637,17583.849053517104,0.9470305485657521,9635836003.6319,9.384967710127567,90,3.6050604794714958,0.018000000000000002 d,2.0,nan,nan,nan,0.017512277159433855,nan
000000,148684414,5771740.732835637,17583.849053517104,0.9470305485657521,9635836003.6319,9.384967710127567,90,2.008548239711366,0.018000000000000002 d,1.904761904761897,nan,nan,nan,0.013332568531651027,nan
000000,148684414,5771740.732835637,17583.849053517104,0.9470305485657521,9635836003.6319,9.384967710127567,90,1.3702049742831297,0.018000000000000002 d,1.9523809523809523,nan,nan,nan,0.010879308926944041,nan
000000,148684414,5771740.732835637,17583.849053517104,0.9470305485657521,9635836003.6319,9.384967710127567,90,1.0239032358054565,0.018000000000000002 d,1.6666666666666667,nan,nan,nan,0.009222971358186557,nan
